"HealthTopic","Population","Indicator","Unit","Time","RegionCode","RegionName","NumValue","TxtValue"
"Invasive pneumococcal disease","Confirmed cases, age below 1","Reported cases","N","2010","AT","Austria",10.000000000,""
"Invasive pneumococcal disease","Confirmed cases, age below 1","Reported cases","N","2010","BE","Belgium",118.000000000,""
"Invasive pneumococcal disease","Confirmed cases, age below 1","Reported cases","N","2010","BG","Bulgaria",0.000000000,""
"Invasive pneumococcal disease","Confirmed cases, age below 1","Reported cases","N","2010","CY","Cyprus",1.000000000,""
"Invasive pneumococcal disease","Confirmed cases, age below 1","Reported cases","N","2010","CZ","Czechia",6.000000000,""
"Invasive pneumococcal disease","Confirmed cases, age below 1","Reported cases","N","2010","DK","Denmark",20.000000000,""
"Invasive pneumococcal disease","Confirmed cases, age below 1","Reported cases","N","2010","EE","Estonia",0.000000000,""
"Invasive pneumococcal disease","Confirmed cases, age below 1","Reported cases","N","2010","EL","Greece",2.000000000,""
"Invasive pneumococcal disease","Confirmed cases, age below 1","Reported cases","N","2010","ES","Spain",107.000000000,""
"Invasive pneumococcal disease","Confirmed cases, age below 1","Reported cases","N","2010","EUEEA30_21","EU/EEA (without UK)",598.000000000,""
"Invasive pneumococcal disease","Confirmed cases, age below 1","Reported cases","N","2010","EUEEAUK_21","EU/EEA (with UK until 2019)",675.000000000,""
"Invasive pneumococcal disease","Confirmed cases, age below 1","Reported cases","N","2010","FI","Finland",20.000000000,""
"Invasive pneumococcal disease","Confirmed cases, age below 1","Reported cases","N","2010","FR","France",176.000000000,""
"Invasive pneumococcal disease","Confirmed cases, age below 1","Reported cases","N","2010","HU","Hungary",3.000000000,""
"Invasive pneumococcal disease","Confirmed cases, age below 1","Reported cases","N","2010","IE","Ireland",16.000000000,""
"Invasive pneumococcal disease","Confirmed cases, age below 1","Reported cases","N","2010","IS","Iceland",2.000000000,""
"Invasive pneumococcal disease","Confirmed cases, age below 1","Reported cases","N","2010","IT","Italy",29.000000000,""
"Invasive pneumococcal disease","Confirmed cases, age below 1","Reported cases","N","2010","LT","Lithuania",0.000000000,""
"Invasive pneumococcal disease","Confirmed cases, age below 1","Reported cases","N","2010","LU","Luxembourg",0.000000000,""
"Invasive pneumococcal disease","Confirmed cases, age below 1","Reported cases","N","2010","LV","Latvia",0.000000000,""
"Invasive pneumococcal disease","Confirmed cases, age below 1","Reported cases","N","2010","MT","Malta",0.000000000,""
"Invasive pneumococcal disease","Confirmed cases, age below 1","Reported cases","N","2010","NL","Netherlands",9.000000000,""
"Invasive pneumococcal disease","Confirmed cases, age below 1","Reported cases","N","2010","NO","Norway",15.000000000,""
"Invasive pneumococcal disease","Confirmed cases, age below 1","Reported cases","N","2010","PL","Poland",29.000000000,""
"Invasive pneumococcal disease","Confirmed cases, age below 1","Reported cases","N","2010","RO","Romania",9.000000000,""
"Invasive pneumococcal disease","Confirmed cases, age below 1","Reported cases","N","2010","SE","Sweden",18.000000000,""
"Invasive pneumococcal disease","Confirmed cases, age below 1","Reported cases","N","2010","SI","Slovenia",7.000000000,""
"Invasive pneumococcal disease","Confirmed cases, age below 1","Reported cases","N","2010","SK","Slovakia",1.000000000,""
"Invasive pneumococcal disease","Confirmed cases, age below 1","Reported cases","N","2010","UK","United Kingdom",77.000000000,""
"Invasive pneumococcal disease","Confirmed cases, age below 1","Reported cases","N","2011","AT","Austria",6.000000000,""
"Invasive pneumococcal disease","Confirmed cases, age below 1","Reported cases","N","2011","BE","Belgium",97.000000000,""
"Invasive pneumococcal disease","Confirmed cases, age below 1","Reported cases","N","2011","BG","Bulgaria",0.000000000,""
"Invasive pneumococcal disease","Confirmed cases, age below 1","Reported cases","N","2011","CY","Cyprus",0.000000000,""
"Invasive pneumococcal disease","Confirmed cases, age below 1","Reported cases","N","2011","CZ","Czechia",6.000000000,""
"Invasive pneumococcal disease","Confirmed cases, age below 1","Reported cases","N","2011","DK","Denmark",12.000000000,""
"Invasive pneumococcal disease","Confirmed cases, age below 1","Reported cases","N","2011","EE","Estonia",0.000000000,""
"Invasive pneumococcal disease","Confirmed cases, age below 1","Reported cases","N","2011","EL","Greece",3.000000000,""
"Invasive pneumococcal disease","Confirmed cases, age below 1","Reported cases","N","2011","ES","Spain",78.000000000,""
"Invasive pneumococcal disease","Confirmed cases, age below 1","Reported cases","N","2011","EUEEA30_21","EU/EEA (without UK)",471.000000000,""
"Invasive pneumococcal disease","Confirmed cases, age below 1","Reported cases","N","2011","EUEEAUK_21","EU/EEA (with UK until 2019)",559.000000000,""
"Invasive pneumococcal disease","Confirmed cases, age below 1","Reported cases","N","2011","FI","Finland",11.000000000,""
"Invasive pneumococcal disease","Confirmed cases, age below 1","Reported cases","N","2011","FR","France",151.000000000,""
"Invasive pneumococcal disease","Confirmed cases, age below 1","Reported cases","N","2011","HU","Hungary",1.000000000,""
"Invasive pneumococcal disease","Confirmed cases, age below 1","Reported cases","N","2011","IE","Ireland",10.000000000,""
"Invasive pneumococcal disease","Confirmed cases, age below 1","Reported cases","N","2011","IS","Iceland",0.000000000,""
"Invasive pneumococcal disease","Confirmed cases, age below 1","Reported cases","N","2011","IT","Italy",18.000000000,""
"Invasive pneumococcal disease","Confirmed cases, age below 1","Reported cases","N","2011","LT","Lithuania",3.000000000,""
"Invasive pneumococcal disease","Confirmed cases, age below 1","Reported cases","N","2011","LU","Luxembourg",0.000000000,""
"Invasive pneumococcal disease","Confirmed cases, age below 1","Reported cases","N","2011","LV","Latvia",2.000000000,""
"Invasive pneumococcal disease","Confirmed cases, age below 1","Reported cases","N","2011","MT","Malta",1.000000000,""
"Invasive pneumococcal disease","Confirmed cases, age below 1","Reported cases","N","2011","NL","Netherlands",10.000000000,""
"Invasive pneumococcal disease","Confirmed cases, age below 1","Reported cases","N","2011","NO","Norway",11.000000000,""
"Invasive pneumococcal disease","Confirmed cases, age below 1","Reported cases","N","2011","PL","Poland",21.000000000,""
"Invasive pneumococcal disease","Confirmed cases, age below 1","Reported cases","N","2011","RO","Romania",4.000000000,""
"Invasive pneumococcal disease","Confirmed cases, age below 1","Reported cases","N","2011","SE","Sweden",12.000000000,""
"Invasive pneumococcal disease","Confirmed cases, age below 1","Reported cases","N","2011","SI","Slovenia",10.000000000,""
"Invasive pneumococcal disease","Confirmed cases, age below 1","Reported cases","N","2011","SK","Slovakia",4.000000000,""
"Invasive pneumococcal disease","Confirmed cases, age below 1","Reported cases","N","2011","UK","United Kingdom",88.000000000,""
"Invasive pneumococcal disease","Confirmed cases, age below 1","Reported cases","N","2012","AT","Austria",5.000000000,""
"Invasive pneumococcal disease","Confirmed cases, age below 1","Reported cases","N","2012","BE","Belgium",57.000000000,""
"Invasive pneumococcal disease","Confirmed cases, age below 1","Reported cases","N","2012","BG","Bulgaria",0.000000000,""
"Invasive pneumococcal disease","Confirmed cases, age below 1","Reported cases","N","2012","CY","Cyprus",3.000000000,""
"Invasive pneumococcal disease","Confirmed cases, age below 1","Reported cases","N","2012","CZ","Czechia",2.000000000,""
"Invasive pneumococcal disease","Confirmed cases, age below 1","Reported cases","N","2012","DK","Denmark",11.000000000,""
"Invasive pneumococcal disease","Confirmed cases, age below 1","Reported cases","N","2012","EE","Estonia",0.000000000,""
"Invasive pneumococcal disease","Confirmed cases, age below 1","Reported cases","N","2012","EL","Greece",2.000000000,""
"Invasive pneumococcal disease","Confirmed cases, age below 1","Reported cases","N","2012","ES","Spain",73.000000000,""
"Invasive pneumococcal disease","Confirmed cases, age below 1","Reported cases","N","2012","EUEEA30_21","EU/EEA (without UK)",393.000000000,""
"Invasive pneumococcal disease","Confirmed cases, age below 1","Reported cases","N","2012","EUEEAUK_21","EU/EEA (with UK until 2019)",492.000000000,""
"Invasive pneumococcal disease","Confirmed cases, age below 1","Reported cases","N","2012","FI","Finland",8.000000000,""
"Invasive pneumococcal disease","Confirmed cases, age below 1","Reported cases","N","2012","FR","France",134.000000000,""
"Invasive pneumococcal disease","Confirmed cases, age below 1","Reported cases","N","2012","HR","Croatia",0.000000000,""
"Invasive pneumococcal disease","Confirmed cases, age below 1","Reported cases","N","2012","HU","Hungary",5.000000000,""
"Invasive pneumococcal disease","Confirmed cases, age below 1","Reported cases","N","2012","IE","Ireland",9.000000000,""
"Invasive pneumococcal disease","Confirmed cases, age below 1","Reported cases","N","2012","IS","Iceland",0.000000000,""
"Invasive pneumococcal disease","Confirmed cases, age below 1","Reported cases","N","2012","IT","Italy",25.000000000,""
"Invasive pneumococcal disease","Confirmed cases, age below 1","Reported cases","N","2012","LT","Lithuania",0.000000000,""
"Invasive pneumococcal disease","Confirmed cases, age below 1","Reported cases","N","2012","LU","Luxembourg",0.000000000,""
"Invasive pneumococcal disease","Confirmed cases, age below 1","Reported cases","N","2012","LV","Latvia",2.000000000,""
"Invasive pneumococcal disease","Confirmed cases, age below 1","Reported cases","N","2012","MT","Malta",0.000000000,""
"Invasive pneumococcal disease","Confirmed cases, age below 1","Reported cases","N","2012","NL","Netherlands",5.000000000,""
"Invasive pneumococcal disease","Confirmed cases, age below 1","Reported cases","N","2012","NO","Norway",5.000000000,""
"Invasive pneumococcal disease","Confirmed cases, age below 1","Reported cases","N","2012","PL","Poland",17.000000000,""
"Invasive pneumococcal disease","Confirmed cases, age below 1","Reported cases","N","2012","RO","Romania",8.000000000,""
"Invasive pneumococcal disease","Confirmed cases, age below 1","Reported cases","N","2012","SE","Sweden",7.000000000,""
"Invasive pneumococcal disease","Confirmed cases, age below 1","Reported cases","N","2012","SI","Slovenia",11.000000000,""
"Invasive pneumococcal disease","Confirmed cases, age below 1","Reported cases","N","2012","SK","Slovakia",4.000000000,""
"Invasive pneumococcal disease","Confirmed cases, age below 1","Reported cases","N","2012","UK","United Kingdom",99.000000000,""
"Invasive pneumococcal disease","Confirmed cases, age below 1","Reported cases","N","2013","AT","Austria",4.000000000,""
"Invasive pneumococcal disease","Confirmed cases, age below 1","Reported cases","N","2013","BE","Belgium",71.000000000,""
"Invasive pneumococcal disease","Confirmed cases, age below 1","Reported cases","N","2013","BG","Bulgaria",1.000000000,""
"Invasive pneumococcal disease","Confirmed cases, age below 1","Reported cases","N","2013","CY","Cyprus",1.000000000,""
"Invasive pneumococcal disease","Confirmed cases, age below 1","Reported cases","N","2013","CZ","Czechia",10.000000000,""
"Invasive pneumococcal disease","Confirmed cases, age below 1","Reported cases","N","2013","DK","Denmark",13.000000000,""
"Invasive pneumococcal disease","Confirmed cases, age below 1","Reported cases","N","2013","EE","Estonia",1.000000000,""
"Invasive pneumococcal disease","Confirmed cases, age below 1","Reported cases","N","2013","EL","Greece",1.000000000,""
"Invasive pneumococcal disease","Confirmed cases, age below 1","Reported cases","N","2013","ES","Spain",68.000000000,""
"Invasive pneumococcal disease","Confirmed cases, age below 1","Reported cases","N","2013","EUEEA30_21","EU/EEA (without UK)",376.000000000,""
"Invasive pneumococcal disease","Confirmed cases, age below 1","Reported cases","N","2013","EUEEAUK_21","EU/EEA (with UK until 2019)",493.000000000,""
"Invasive pneumococcal disease","Confirmed cases, age below 1","Reported cases","N","2013","FI","Finland",9.000000000,""
"Invasive pneumococcal disease","Confirmed cases, age below 1","Reported cases","N","2013","FR","France",106.000000000,""
"Invasive pneumococcal disease","Confirmed cases, age below 1","Reported cases","N","2013","HR","Croatia",0.000000000,""
"Invasive pneumococcal disease","Confirmed cases, age below 1","Reported cases","N","2013","HU","Hungary",6.000000000,""
"Invasive pneumococcal disease","Confirmed cases, age below 1","Reported cases","N","2013","IE","Ireland",8.000000000,""
"Invasive pneumococcal disease","Confirmed cases, age below 1","Reported cases","N","2013","IS","Iceland",0.000000000,""
"Invasive pneumococcal disease","Confirmed cases, age below 1","Reported cases","N","2013","IT","Italy",16.000000000,""
"Invasive pneumococcal disease","Confirmed cases, age below 1","Reported cases","N","2013","LT","Lithuania",1.000000000,""
"Invasive pneumococcal disease","Confirmed cases, age below 1","Reported cases","N","2013","LU","Luxembourg",0.000000000,""
"Invasive pneumococcal disease","Confirmed cases, age below 1","Reported cases","N","2013","LV","Latvia",0.000000000,""
"Invasive pneumococcal disease","Confirmed cases, age below 1","Reported cases","N","2013","MT","Malta",0.000000000,""
"Invasive pneumococcal disease","Confirmed cases, age below 1","Reported cases","N","2013","NL","Netherlands",4.000000000,""
"Invasive pneumococcal disease","Confirmed cases, age below 1","Reported cases","N","2013","NO","Norway",7.000000000,""
"Invasive pneumococcal disease","Confirmed cases, age below 1","Reported cases","N","2013","PL","Poland",23.000000000,""
"Invasive pneumococcal disease","Confirmed cases, age below 1","Reported cases","N","2013","RO","Romania",3.000000000,""
"Invasive pneumococcal disease","Confirmed cases, age below 1","Reported cases","N","2013","SE","Sweden",14.000000000,""
"Invasive pneumococcal disease","Confirmed cases, age below 1","Reported cases","N","2013","SI","Slovenia",3.000000000,""
"Invasive pneumococcal disease","Confirmed cases, age below 1","Reported cases","N","2013","SK","Slovakia",6.000000000,""
"Invasive pneumococcal disease","Confirmed cases, age below 1","Reported cases","N","2013","UK","United Kingdom",117.000000000,""
"Invasive pneumococcal disease","Confirmed cases, age below 1","Reported cases","N","2014","AT","Austria",7.000000000,""
"Invasive pneumococcal disease","Confirmed cases, age below 1","Reported cases","N","2014","BE","Belgium",46.000000000,""
"Invasive pneumococcal disease","Confirmed cases, age below 1","Reported cases","N","2014","BG","Bulgaria",0.000000000,""
"Invasive pneumococcal disease","Confirmed cases, age below 1","Reported cases","N","2014","CY","Cyprus",0.000000000,""
"Invasive pneumococcal disease","Confirmed cases, age below 1","Reported cases","N","2014","CZ","Czechia",7.000000000,""
"Invasive pneumococcal disease","Confirmed cases, age below 1","Reported cases","N","2014","DK","Denmark",13.000000000,""
"Invasive pneumococcal disease","Confirmed cases, age below 1","Reported cases","N","2014","EE","Estonia",0.000000000,""
"Invasive pneumococcal disease","Confirmed cases, age below 1","Reported cases","N","2014","EL","Greece",1.000000000,""
"Invasive pneumococcal disease","Confirmed cases, age below 1","Reported cases","N","2014","ES","Spain",68.000000000,""
"Invasive pneumococcal disease","Confirmed cases, age below 1","Reported cases","N","2014","EUEEA30_21","EU/EEA (without UK)",329.000000000,""
"Invasive pneumococcal disease","Confirmed cases, age below 1","Reported cases","N","2014","EUEEAUK_21","EU/EEA (with UK until 2019)",441.000000000,""
"Invasive pneumococcal disease","Confirmed cases, age below 1","Reported cases","N","2014","FI","Finland",6.000000000,""
"Invasive pneumococcal disease","Confirmed cases, age below 1","Reported cases","N","2014","FR","France",88.000000000,""
"Invasive pneumococcal disease","Confirmed cases, age below 1","Reported cases","N","2014","HR","Croatia",0.000000000,""
"Invasive pneumococcal disease","Confirmed cases, age below 1","Reported cases","N","2014","HU","Hungary",0.000000000,""
"Invasive pneumococcal disease","Confirmed cases, age below 1","Reported cases","N","2014","IE","Ireland",11.000000000,""
"Invasive pneumococcal disease","Confirmed cases, age below 1","Reported cases","N","2014","IS","Iceland",0.000000000,""
"Invasive pneumococcal disease","Confirmed cases, age below 1","Reported cases","N","2014","IT","Italy",17.000000000,""
"Invasive pneumococcal disease","Confirmed cases, age below 1","Reported cases","N","2014","LT","Lithuania",0.000000000,""
"Invasive pneumococcal disease","Confirmed cases, age below 1","Reported cases","N","2014","LU","Luxembourg",1.000000000,""
"Invasive pneumococcal disease","Confirmed cases, age below 1","Reported cases","N","2014","LV","Latvia",0.000000000,""
"Invasive pneumococcal disease","Confirmed cases, age below 1","Reported cases","N","2014","MT","Malta",1.000000000,""
"Invasive pneumococcal disease","Confirmed cases, age below 1","Reported cases","N","2014","NL","Netherlands",5.000000000,""
"Invasive pneumococcal disease","Confirmed cases, age below 1","Reported cases","N","2014","NO","Norway",6.000000000,""
"Invasive pneumococcal disease","Confirmed cases, age below 1","Reported cases","N","2014","PL","Poland",20.000000000,""
"Invasive pneumococcal disease","Confirmed cases, age below 1","Reported cases","N","2014","RO","Romania",4.000000000,""
"Invasive pneumococcal disease","Confirmed cases, age below 1","Reported cases","N","2014","SE","Sweden",14.000000000,""
"Invasive pneumococcal disease","Confirmed cases, age below 1","Reported cases","N","2014","SI","Slovenia",10.000000000,""
"Invasive pneumococcal disease","Confirmed cases, age below 1","Reported cases","N","2014","SK","Slovakia",4.000000000,""
"Invasive pneumococcal disease","Confirmed cases, age below 1","Reported cases","N","2014","UK","United Kingdom",112.000000000,""
"Invasive pneumococcal disease","Confirmed cases, age below 1","Reported cases","N","2015","AT","Austria",7.000000000,""
"Invasive pneumococcal disease","Confirmed cases, age below 1","Reported cases","N","2015","BE","Belgium",59.000000000,""
"Invasive pneumococcal disease","Confirmed cases, age below 1","Reported cases","N","2015","BG","Bulgaria",1.000000000,""
"Invasive pneumococcal disease","Confirmed cases, age below 1","Reported cases","N","2015","CY","Cyprus",1.000000000,""
"Invasive pneumococcal disease","Confirmed cases, age below 1","Reported cases","N","2015","CZ","Czechia",5.000000000,""
"Invasive pneumococcal disease","Confirmed cases, age below 1","Reported cases","N","2015","DK","Denmark",5.000000000,""
"Invasive pneumococcal disease","Confirmed cases, age below 1","Reported cases","N","2015","EE","Estonia",0.000000000,""
"Invasive pneumococcal disease","Confirmed cases, age below 1","Reported cases","N","2015","EL","Greece",3.000000000,""
"Invasive pneumococcal disease","Confirmed cases, age below 1","Reported cases","N","2015","ES","Spain",61.000000000,""
"Invasive pneumococcal disease","Confirmed cases, age below 1","Reported cases","N","2015","EUEEA30_21","EU/EEA (without UK)",376.000000000,""
"Invasive pneumococcal disease","Confirmed cases, age below 1","Reported cases","N","2015","EUEEAUK_21","EU/EEA (with UK until 2019)",503.000000000,""
"Invasive pneumococcal disease","Confirmed cases, age below 1","Reported cases","N","2015","FI","Finland",6.000000000,""
"Invasive pneumococcal disease","Confirmed cases, age below 1","Reported cases","N","2015","FR","France",108.000000000,""
"Invasive pneumococcal disease","Confirmed cases, age below 1","Reported cases","N","2015","HR","Croatia",2.000000000,""
"Invasive pneumococcal disease","Confirmed cases, age below 1","Reported cases","N","2015","HU","Hungary",2.000000000,""
"Invasive pneumococcal disease","Confirmed cases, age below 1","Reported cases","N","2015","IE","Ireland",10.000000000,""
"Invasive pneumococcal disease","Confirmed cases, age below 1","Reported cases","N","2015","IS","Iceland",0.000000000,""
"Invasive pneumococcal disease","Confirmed cases, age below 1","Reported cases","N","2015","IT","Italy",26.000000000,""
"Invasive pneumococcal disease","Confirmed cases, age below 1","Reported cases","N","2015","LT","Lithuania",0.000000000,""
"Invasive pneumococcal disease","Confirmed cases, age below 1","Reported cases","N","2015","LU","Luxembourg",0.000000000,""
"Invasive pneumococcal disease","Confirmed cases, age below 1","Reported cases","N","2015","LV","Latvia",3.000000000,""
"Invasive pneumococcal disease","Confirmed cases, age below 1","Reported cases","N","2015","MT","Malta",0.000000000,""
"Invasive pneumococcal disease","Confirmed cases, age below 1","Reported cases","N","2015","NL","Netherlands",10.000000000,""
"Invasive pneumococcal disease","Confirmed cases, age below 1","Reported cases","N","2015","NO","Norway",8.000000000,""
"Invasive pneumococcal disease","Confirmed cases, age below 1","Reported cases","N","2015","PL","Poland",31.000000000,""
"Invasive pneumococcal disease","Confirmed cases, age below 1","Reported cases","N","2015","PT","Portugal",8.000000000,""
"Invasive pneumococcal disease","Confirmed cases, age below 1","Reported cases","N","2015","RO","Romania",1.000000000,""
"Invasive pneumococcal disease","Confirmed cases, age below 1","Reported cases","N","2015","SE","Sweden",9.000000000,""
"Invasive pneumococcal disease","Confirmed cases, age below 1","Reported cases","N","2015","SI","Slovenia",7.000000000,""
"Invasive pneumococcal disease","Confirmed cases, age below 1","Reported cases","N","2015","SK","Slovakia",3.000000000,""
"Invasive pneumococcal disease","Confirmed cases, age below 1","Reported cases","N","2015","UK","United Kingdom",127.000000000,""
"Invasive pneumococcal disease","Confirmed cases, age below 1","Reported cases","N","2016","AT","Austria",11.000000000,""
"Invasive pneumococcal disease","Confirmed cases, age below 1","Reported cases","N","2016","BE","Belgium",59.000000000,""
"Invasive pneumococcal disease","Confirmed cases, age below 1","Reported cases","N","2016","BG","Bulgaria",1.000000000,""
"Invasive pneumococcal disease","Confirmed cases, age below 1","Reported cases","N","2016","CY","Cyprus",0.000000000,""
"Invasive pneumococcal disease","Confirmed cases, age below 1","Reported cases","N","2016","CZ","Czechia",1.000000000,""
"Invasive pneumococcal disease","Confirmed cases, age below 1","Reported cases","N","2016","DK","Denmark",11.000000000,""
"Invasive pneumococcal disease","Confirmed cases, age below 1","Reported cases","N","2016","EE","Estonia",0.000000000,""
"Invasive pneumococcal disease","Confirmed cases, age below 1","Reported cases","N","2016","EL","Greece",1.000000000,""
"Invasive pneumococcal disease","Confirmed cases, age below 1","Reported cases","N","2016","ES","Spain",48.000000000,""
"Invasive pneumococcal disease","Confirmed cases, age below 1","Reported cases","N","2016","EUEEA30_21","EU/EEA (without UK)",370.000000000,""
"Invasive pneumococcal disease","Confirmed cases, age below 1","Reported cases","N","2016","EUEEAUK_21","EU/EEA (with UK until 2019)",521.000000000,""
"Invasive pneumococcal disease","Confirmed cases, age below 1","Reported cases","N","2016","FI","Finland",8.000000000,""
"Invasive pneumococcal disease","Confirmed cases, age below 1","Reported cases","N","2016","FR","France",114.000000000,""
"Invasive pneumococcal disease","Confirmed cases, age below 1","Reported cases","N","2016","HR","Croatia",0.000000000,""
"Invasive pneumococcal disease","Confirmed cases, age below 1","Reported cases","N","2016","HU","Hungary",5.000000000,""
"Invasive pneumococcal disease","Confirmed cases, age below 1","Reported cases","N","2016","IE","Ireland",16.000000000,""
"Invasive pneumococcal disease","Confirmed cases, age below 1","Reported cases","N","2016","IS","Iceland",1.000000000,""
"Invasive pneumococcal disease","Confirmed cases, age below 1","Reported cases","N","2016","IT","Italy",24.000000000,""
"Invasive pneumococcal disease","Confirmed cases, age below 1","Reported cases","N","2016","LT","Lithuania",2.000000000,""
"Invasive pneumococcal disease","Confirmed cases, age below 1","Reported cases","N","2016","LU","Luxembourg",0.000000000,""
"Invasive pneumococcal disease","Confirmed cases, age below 1","Reported cases","N","2016","LV","Latvia",0.000000000,""
"Invasive pneumococcal disease","Confirmed cases, age below 1","Reported cases","N","2016","MT","Malta",0.000000000,""
"Invasive pneumococcal disease","Confirmed cases, age below 1","Reported cases","N","2016","NL","Netherlands",6.000000000,""
"Invasive pneumococcal disease","Confirmed cases, age below 1","Reported cases","N","2016","NO","Norway",6.000000000,""
"Invasive pneumococcal disease","Confirmed cases, age below 1","Reported cases","N","2016","PL","Poland",27.000000000,""
"Invasive pneumococcal disease","Confirmed cases, age below 1","Reported cases","N","2016","PT","Portugal",13.000000000,""
"Invasive pneumococcal disease","Confirmed cases, age below 1","Reported cases","N","2016","RO","Romania",2.000000000,""
"Invasive pneumococcal disease","Confirmed cases, age below 1","Reported cases","N","2016","SE","Sweden",9.000000000,""
"Invasive pneumococcal disease","Confirmed cases, age below 1","Reported cases","N","2016","SI","Slovenia",5.000000000,""
"Invasive pneumococcal disease","Confirmed cases, age below 1","Reported cases","N","2016","SK","Slovakia",0.000000000,""
"Invasive pneumococcal disease","Confirmed cases, age below 1","Reported cases","N","2016","UK","United Kingdom",151.000000000,""
"Invasive pneumococcal disease","Confirmed cases, age below 1","Reported cases","N","2017","AT","Austria",7.000000000,""
"Invasive pneumococcal disease","Confirmed cases, age below 1","Reported cases","N","2017","BE","Belgium",63.000000000,""
"Invasive pneumococcal disease","Confirmed cases, age below 1","Reported cases","N","2017","BG","Bulgaria",0.000000000,""
"Invasive pneumococcal disease","Confirmed cases, age below 1","Reported cases","N","2017","CY","Cyprus",0.000000000,""
"Invasive pneumococcal disease","Confirmed cases, age below 1","Reported cases","N","2017","CZ","Czechia",5.000000000,""
"Invasive pneumococcal disease","Confirmed cases, age below 1","Reported cases","N","2017","DK","Denmark",10.000000000,""
"Invasive pneumococcal disease","Confirmed cases, age below 1","Reported cases","N","2017","EE","Estonia",1.000000000,""
"Invasive pneumococcal disease","Confirmed cases, age below 1","Reported cases","N","2017","EL","Greece",4.000000000,""
"Invasive pneumococcal disease","Confirmed cases, age below 1","Reported cases","N","2017","ES","Spain",77.000000000,""
"Invasive pneumococcal disease","Confirmed cases, age below 1","Reported cases","N","2017","EUEEA30_21","EU/EEA (without UK)",419.000000000,""
"Invasive pneumococcal disease","Confirmed cases, age below 1","Reported cases","N","2017","EUEEAUK_21","EU/EEA (with UK until 2019)",533.000000000,""
"Invasive pneumococcal disease","Confirmed cases, age below 1","Reported cases","N","2017","FI","Finland",5.000000000,""
"Invasive pneumococcal disease","Confirmed cases, age below 1","Reported cases","N","2017","FR","France",124.000000000,""
"Invasive pneumococcal disease","Confirmed cases, age below 1","Reported cases","N","2017","HR","Croatia",1.000000000,""
"Invasive pneumococcal disease","Confirmed cases, age below 1","Reported cases","N","2017","HU","Hungary",3.000000000,""
"Invasive pneumococcal disease","Confirmed cases, age below 1","Reported cases","N","2017","IE","Ireland",14.000000000,""
"Invasive pneumococcal disease","Confirmed cases, age below 1","Reported cases","N","2017","IS","Iceland",0.000000000,""
"Invasive pneumococcal disease","Confirmed cases, age below 1","Reported cases","N","2017","IT","Italy",27.000000000,""
"Invasive pneumococcal disease","Confirmed cases, age below 1","Reported cases","N","2017","LT","Lithuania",2.000000000,""
"Invasive pneumococcal disease","Confirmed cases, age below 1","Reported cases","N","2017","LU","Luxembourg",0.000000000,""
"Invasive pneumococcal disease","Confirmed cases, age below 1","Reported cases","N","2017","LV","Latvia",2.000000000,""
"Invasive pneumococcal disease","Confirmed cases, age below 1","Reported cases","N","2017","MT","Malta",0.000000000,""
"Invasive pneumococcal disease","Confirmed cases, age below 1","Reported cases","N","2017","NL","Netherlands",8.000000000,""
"Invasive pneumococcal disease","Confirmed cases, age below 1","Reported cases","N","2017","NO","Norway",7.000000000,""
"Invasive pneumococcal disease","Confirmed cases, age below 1","Reported cases","N","2017","PL","Poland",20.000000000,""
"Invasive pneumococcal disease","Confirmed cases, age below 1","Reported cases","N","2017","PT","Portugal",9.000000000,""
"Invasive pneumococcal disease","Confirmed cases, age below 1","Reported cases","N","2017","RO","Romania",5.000000000,""
"Invasive pneumococcal disease","Confirmed cases, age below 1","Reported cases","N","2017","SE","Sweden",10.000000000,""
"Invasive pneumococcal disease","Confirmed cases, age below 1","Reported cases","N","2017","SI","Slovenia",8.000000000,""
"Invasive pneumococcal disease","Confirmed cases, age below 1","Reported cases","N","2017","SK","Slovakia",7.000000000,""
"Invasive pneumococcal disease","Confirmed cases, age below 1","Reported cases","N","2017","UK","United Kingdom",114.000000000,""
"Invasive pneumococcal disease","Confirmed cases, age below 1","Reported cases","N","2018","AT","Austria",8.000000000,""
"Invasive pneumococcal disease","Confirmed cases, age below 1","Reported cases","N","2018","BE","Belgium",81.000000000,""
"Invasive pneumococcal disease","Confirmed cases, age below 1","Reported cases","N","2018","BG","Bulgaria",1.000000000,""
"Invasive pneumococcal disease","Confirmed cases, age below 1","Reported cases","N","2018","CY","Cyprus",1.000000000,""
"Invasive pneumococcal disease","Confirmed cases, age below 1","Reported cases","N","2018","CZ","Czechia",11.000000000,""
"Invasive pneumococcal disease","Confirmed cases, age below 1","Reported cases","N","2018","DK","Denmark",7.000000000,""
"Invasive pneumococcal disease","Confirmed cases, age below 1","Reported cases","N","2018","EE","Estonia",0.000000000,""
"Invasive pneumococcal disease","Confirmed cases, age below 1","Reported cases","N","2018","EL","Greece",2.000000000,""
"Invasive pneumococcal disease","Confirmed cases, age below 1","Reported cases","N","2018","ES","Spain",73.000000000,""
"Invasive pneumococcal disease","Confirmed cases, age below 1","Reported cases","N","2018","EUEEA30_21","EU/EEA (without UK)",413.000000000,""
"Invasive pneumococcal disease","Confirmed cases, age below 1","Reported cases","N","2018","EUEEAUK_21","EU/EEA (with UK until 2019)",536.000000000,""
"Invasive pneumococcal disease","Confirmed cases, age below 1","Reported cases","N","2018","FI","Finland",10.000000000,""
"Invasive pneumococcal disease","Confirmed cases, age below 1","Reported cases","N","2018","FR","France",113.000000000,""
"Invasive pneumococcal disease","Confirmed cases, age below 1","Reported cases","N","2018","HR","Croatia",1.000000000,""
"Invasive pneumococcal disease","Confirmed cases, age below 1","Reported cases","N","2018","HU","Hungary",5.000000000,""
"Invasive pneumococcal disease","Confirmed cases, age below 1","Reported cases","N","2018","IE","Ireland",13.000000000,""
"Invasive pneumococcal disease","Confirmed cases, age below 1","Reported cases","N","2018","IS","Iceland",0.000000000,""
"Invasive pneumococcal disease","Confirmed cases, age below 1","Reported cases","N","2018","IT","Italy",23.000000000,""
"Invasive pneumococcal disease","Confirmed cases, age below 1","Reported cases","N","2018","LT","Lithuania",2.000000000,""
"Invasive pneumococcal disease","Confirmed cases, age below 1","Reported cases","N","2018","LU","Luxembourg",0.000000000,""
"Invasive pneumococcal disease","Confirmed cases, age below 1","Reported cases","N","2018","LV","Latvia",0.000000000,""
"Invasive pneumococcal disease","Confirmed cases, age below 1","Reported cases","N","2018","MT","Malta",2.000000000,""
"Invasive pneumococcal disease","Confirmed cases, age below 1","Reported cases","N","2018","NL","Netherlands",7.000000000,""
"Invasive pneumococcal disease","Confirmed cases, age below 1","Reported cases","N","2018","NO","Norway",7.000000000,""
"Invasive pneumococcal disease","Confirmed cases, age below 1","Reported cases","N","2018","PL","Poland",13.000000000,""
"Invasive pneumococcal disease","Confirmed cases, age below 1","Reported cases","N","2018","PT","Portugal",16.000000000,""
"Invasive pneumococcal disease","Confirmed cases, age below 1","Reported cases","N","2018","RO","Romania",1.000000000,""
"Invasive pneumococcal disease","Confirmed cases, age below 1","Reported cases","N","2018","SE","Sweden",8.000000000,""
"Invasive pneumococcal disease","Confirmed cases, age below 1","Reported cases","N","2018","SI","Slovenia",6.000000000,""
"Invasive pneumococcal disease","Confirmed cases, age below 1","Reported cases","N","2018","SK","Slovakia",2.000000000,""
"Invasive pneumococcal disease","Confirmed cases, age below 1","Reported cases","N","2018","UK","United Kingdom",123.000000000,""
"Invasive pneumococcal disease","Confirmed cases, age below 1","Reported cases","N","2019","AT","Austria",5.000000000,""
"Invasive pneumococcal disease","Confirmed cases, age below 1","Reported cases","N","2019","BE","Belgium",52.000000000,""
"Invasive pneumococcal disease","Confirmed cases, age below 1","Reported cases","N","2019","BG","Bulgaria",0.000000000,""
"Invasive pneumococcal disease","Confirmed cases, age below 1","Reported cases","N","2019","CY","Cyprus",1.000000000,""
"Invasive pneumococcal disease","Confirmed cases, age below 1","Reported cases","N","2019","CZ","Czechia",11.000000000,""
"Invasive pneumococcal disease","Confirmed cases, age below 1","Reported cases","N","2019","DK","Denmark",13.000000000,""
"Invasive pneumococcal disease","Confirmed cases, age below 1","Reported cases","N","2019","EE","Estonia",3.000000000,""
"Invasive pneumococcal disease","Confirmed cases, age below 1","Reported cases","N","2019","EL","Greece",4.000000000,""
"Invasive pneumococcal disease","Confirmed cases, age below 1","Reported cases","N","2019","ES","Spain",78.000000000,""
"Invasive pneumococcal disease","Confirmed cases, age below 1","Reported cases","N","2019","EUEEA30_21","EU/EEA (without UK)",420.000000000,""
"Invasive pneumococcal disease","Confirmed cases, age below 1","Reported cases","N","2019","EUEEAUK_21","EU/EEA (with UK until 2019)",522.000000000,""
"Invasive pneumococcal disease","Confirmed cases, age below 1","Reported cases","N","2019","FI","Finland",7.000000000,""
"Invasive pneumococcal disease","Confirmed cases, age below 1","Reported cases","N","2019","FR","France",126.000000000,""
"Invasive pneumococcal disease","Confirmed cases, age below 1","Reported cases","N","2019","HR","Croatia",0.000000000,""
"Invasive pneumococcal disease","Confirmed cases, age below 1","Reported cases","N","2019","HU","Hungary",7.000000000,""
"Invasive pneumococcal disease","Confirmed cases, age below 1","Reported cases","N","2019","IE","Ireland",8.000000000,""
"Invasive pneumococcal disease","Confirmed cases, age below 1","Reported cases","N","2019","IS","Iceland",0.000000000,""
"Invasive pneumococcal disease","Confirmed cases, age below 1","Reported cases","N","2019","IT","Italy",28.000000000,""
"Invasive pneumococcal disease","Confirmed cases, age below 1","Reported cases","N","2019","LT","Lithuania",0.000000000,""
"Invasive pneumococcal disease","Confirmed cases, age below 1","Reported cases","N","2019","LU","Luxembourg",0.000000000,""
"Invasive pneumococcal disease","Confirmed cases, age below 1","Reported cases","N","2019","LV","Latvia",1.000000000,""
"Invasive pneumococcal disease","Confirmed cases, age below 1","Reported cases","N","2019","MT","Malta",1.000000000,""
"Invasive pneumococcal disease","Confirmed cases, age below 1","Reported cases","N","2019","NL","Netherlands",9.000000000,""
"Invasive pneumococcal disease","Confirmed cases, age below 1","Reported cases","N","2019","NO","Norway",11.000000000,""
"Invasive pneumococcal disease","Confirmed cases, age below 1","Reported cases","N","2019","PL","Poland",21.000000000,""
"Invasive pneumococcal disease","Confirmed cases, age below 1","Reported cases","N","2019","PT","Portugal",8.000000000,""
"Invasive pneumococcal disease","Confirmed cases, age below 1","Reported cases","N","2019","RO","Romania",4.000000000,""
"Invasive pneumococcal disease","Confirmed cases, age below 1","Reported cases","N","2019","SE","Sweden",11.000000000,""
"Invasive pneumococcal disease","Confirmed cases, age below 1","Reported cases","N","2019","SI","Slovenia",7.000000000,""
"Invasive pneumococcal disease","Confirmed cases, age below 1","Reported cases","N","2019","SK","Slovakia",4.000000000,""
"Invasive pneumococcal disease","Confirmed cases, age below 1","Reported cases","N","2019","UK","United Kingdom",102.000000000,""
"Invasive pneumococcal disease","Confirmed cases, age below 1","Reported cases","N","2020","AT","Austria",8.000000000,""
"Invasive pneumococcal disease","Confirmed cases, age below 1","Reported cases","N","2020","BE","Belgium",57.000000000,""
"Invasive pneumococcal disease","Confirmed cases, age below 1","Reported cases","N","2020","BG","Bulgaria",1.000000000,""
"Invasive pneumococcal disease","Confirmed cases, age below 1","Reported cases","N","2020","CY","Cyprus",0.000000000,""
"Invasive pneumococcal disease","Confirmed cases, age below 1","Reported cases","N","2020","CZ","Czechia",5.000000000,""
"Invasive pneumococcal disease","Confirmed cases, age below 1","Reported cases","N","2020","DK","Denmark",10.000000000,""
"Invasive pneumococcal disease","Confirmed cases, age below 1","Reported cases","N","2020","EE","Estonia",0.000000000,""
"Invasive pneumococcal disease","Confirmed cases, age below 1","Reported cases","N","2020","EL","Greece",0.000000000,""
"Invasive pneumococcal disease","Confirmed cases, age below 1","Reported cases","N","2020","ES","Spain",37.000000000,""
"Invasive pneumococcal disease","Confirmed cases, age below 1","Reported cases","N","2020","EUEEA30_21","EU/EEA (without UK)",276.000000000,""
"Invasive pneumococcal disease","Confirmed cases, age below 1","Reported cases","N","2020","EUEEAUK_21","EU/EEA (with UK until 2019)",276.000000000,""
"Invasive pneumococcal disease","Confirmed cases, age below 1","Reported cases","N","2020","FI","Finland",4.000000000,""
"Invasive pneumococcal disease","Confirmed cases, age below 1","Reported cases","N","2020","FR","France",89.000000000,""
"Invasive pneumococcal disease","Confirmed cases, age below 1","Reported cases","N","2020","HR","Croatia",0.000000000,""
"Invasive pneumococcal disease","Confirmed cases, age below 1","Reported cases","N","2020","HU","Hungary",5.000000000,""
"Invasive pneumococcal disease","Confirmed cases, age below 1","Reported cases","N","2020","IE","Ireland",10.000000000,""
"Invasive pneumococcal disease","Confirmed cases, age below 1","Reported cases","N","2020","IS","Iceland",1.000000000,""
"Invasive pneumococcal disease","Confirmed cases, age below 1","Reported cases","N","2020","IT","Italy",11.000000000,""
"Invasive pneumococcal disease","Confirmed cases, age below 1","Reported cases","N","2020","LT","Lithuania",0.000000000,""
"Invasive pneumococcal disease","Confirmed cases, age below 1","Reported cases","N","2020","LU","Luxembourg",0.000000000,""
"Invasive pneumococcal disease","Confirmed cases, age below 1","Reported cases","N","2020","LV","Latvia",1.000000000,""
"Invasive pneumococcal disease","Confirmed cases, age below 1","Reported cases","N","2020","MT","Malta",0.000000000,""
"Invasive pneumococcal disease","Confirmed cases, age below 1","Reported cases","N","2020","NL","Netherlands",5.000000000,""
"Invasive pneumococcal disease","Confirmed cases, age below 1","Reported cases","N","2020","NO","Norway",3.000000000,""
"Invasive pneumococcal disease","Confirmed cases, age below 1","Reported cases","N","2020","PL","Poland",5.000000000,""
"Invasive pneumococcal disease","Confirmed cases, age below 1","Reported cases","N","2020","PT","Portugal",11.000000000,""
"Invasive pneumococcal disease","Confirmed cases, age below 1","Reported cases","N","2020","RO","Romania",1.000000000,""
"Invasive pneumococcal disease","Confirmed cases, age below 1","Reported cases","N","2020","SE","Sweden",7.000000000,""
"Invasive pneumococcal disease","Confirmed cases, age below 1","Reported cases","N","2020","SI","Slovenia",4.000000000,""
"Invasive pneumococcal disease","Confirmed cases, age below 1","Reported cases","N","2020","SK","Slovakia",1.000000000,""
"Invasive pneumococcal disease","Confirmed cases, age below 1","Reported cases","N","2021","AT","Austria",3.000000000,""
"Invasive pneumococcal disease","Confirmed cases, age below 1","Reported cases","N","2021","BE","Belgium",55.000000000,""
"Invasive pneumococcal disease","Confirmed cases, age below 1","Reported cases","N","2021","BG","Bulgaria",0.000000000,""
"Invasive pneumococcal disease","Confirmed cases, age below 1","Reported cases","N","2021","CY","Cyprus",1.000000000,""
"Invasive pneumococcal disease","Confirmed cases, age below 1","Reported cases","N","2021","CZ","Czechia",1.000000000,""
"Invasive pneumococcal disease","Confirmed cases, age below 1","Reported cases","N","2021","DK","Denmark",11.000000000,""
"Invasive pneumococcal disease","Confirmed cases, age below 1","Reported cases","N","2021","EE","Estonia",0.000000000,""
"Invasive pneumococcal disease","Confirmed cases, age below 1","Reported cases","N","2021","EL","Greece",1.000000000,""
"Invasive pneumococcal disease","Confirmed cases, age below 1","Reported cases","N","2021","ES","Spain",33.000000000,""
"Invasive pneumococcal disease","Confirmed cases, age below 1","Reported cases","N","2021","EUEEA30_21","EU/EEA (without UK)",297.000000000,""
"Invasive pneumococcal disease","Confirmed cases, age below 1","Reported cases","N","2021","EUEEAUK_21","EU/EEA (with UK until 2019)",297.000000000,""
"Invasive pneumococcal disease","Confirmed cases, age below 1","Reported cases","N","2021","FI","Finland",7.000000000,""
"Invasive pneumococcal disease","Confirmed cases, age below 1","Reported cases","N","2021","FR","France",98.000000000,""
"Invasive pneumococcal disease","Confirmed cases, age below 1","Reported cases","N","2021","HR","Croatia",0.000000000,""
"Invasive pneumococcal disease","Confirmed cases, age below 1","Reported cases","N","2021","HU","Hungary",9.000000000,""
"Invasive pneumococcal disease","Confirmed cases, age below 1","Reported cases","N","2021","IE","Ireland",3.000000000,""
"Invasive pneumococcal disease","Confirmed cases, age below 1","Reported cases","N","2021","IS","Iceland",1.000000000,""
"Invasive pneumococcal disease","Confirmed cases, age below 1","Reported cases","N","2021","IT","Italy",10.000000000,""
"Invasive pneumococcal disease","Confirmed cases, age below 1","Reported cases","N","2021","LI","Liechtenstein",0.000000000,""
"Invasive pneumococcal disease","Confirmed cases, age below 1","Reported cases","N","2021","LT","Lithuania",1.000000000,""
"Invasive pneumococcal disease","Confirmed cases, age below 1","Reported cases","N","2021","LU","Luxembourg",1.000000000,""
"Invasive pneumococcal disease","Confirmed cases, age below 1","Reported cases","N","2021","LV","Latvia",2.000000000,""
"Invasive pneumococcal disease","Confirmed cases, age below 1","Reported cases","N","2021","MT","Malta",0.000000000,""
"Invasive pneumococcal disease","Confirmed cases, age below 1","Reported cases","N","2021","NL","Netherlands",8.000000000,""
"Invasive pneumococcal disease","Confirmed cases, age below 1","Reported cases","N","2021","NO","Norway",9.000000000,""
"Invasive pneumococcal disease","Confirmed cases, age below 1","Reported cases","N","2021","PL","Poland",22.000000000,""
"Invasive pneumococcal disease","Confirmed cases, age below 1","Reported cases","N","2021","PT","Portugal",8.000000000,""
"Invasive pneumococcal disease","Confirmed cases, age below 1","Reported cases","N","2021","RO","Romania",0.000000000,""
"Invasive pneumococcal disease","Confirmed cases, age below 1","Reported cases","N","2021","SE","Sweden",9.000000000,""
"Invasive pneumococcal disease","Confirmed cases, age below 1","Reported cases","N","2021","SI","Slovenia",2.000000000,""
"Invasive pneumococcal disease","Confirmed cases, age below 1","Reported cases","N","2021","SK","Slovakia",2.000000000,""
"Invasive pneumococcal disease","Confirmed cases, age below 1","Reported cases","N","2022","AT","Austria",13.000000000,""
"Invasive pneumococcal disease","Confirmed cases, age below 1","Reported cases","N","2022","BE","Belgium",63.000000000,""
"Invasive pneumococcal disease","Confirmed cases, age below 1","Reported cases","N","2022","BG","Bulgaria",0.000000000,""
"Invasive pneumococcal disease","Confirmed cases, age below 1","Reported cases","N","2022","CY","Cyprus",2.000000000,""
"Invasive pneumococcal disease","Confirmed cases, age below 1","Reported cases","N","2022","CZ","Czechia",8.000000000,""
"Invasive pneumococcal disease","Confirmed cases, age below 1","Reported cases","N","2022","DK","Denmark",8.000000000,""
"Invasive pneumococcal disease","Confirmed cases, age below 1","Reported cases","N","2022","EE","Estonia",0.000000000,""
"Invasive pneumococcal disease","Confirmed cases, age below 1","Reported cases","N","2022","EL","Greece",4.000000000,""
"Invasive pneumococcal disease","Confirmed cases, age below 1","Reported cases","N","2022","ES","Spain",82.000000000,""
"Invasive pneumococcal disease","Confirmed cases, age below 1","Reported cases","N","2022","EUEEA30_21","EU/EEA (without UK)",444.000000000,""
"Invasive pneumococcal disease","Confirmed cases, age below 1","Reported cases","N","2022","EUEEAUK_21","EU/EEA (with UK until 2019)",444.000000000,""
"Invasive pneumococcal disease","Confirmed cases, age below 1","Reported cases","N","2022","FI","Finland",3.000000000,""
"Invasive pneumococcal disease","Confirmed cases, age below 1","Reported cases","N","2022","FR","France",134.000000000,""
"Invasive pneumococcal disease","Confirmed cases, age below 1","Reported cases","N","2022","HR","Croatia",0.000000000,""
"Invasive pneumococcal disease","Confirmed cases, age below 1","Reported cases","N","2022","HU","Hungary",5.000000000,""
"Invasive pneumococcal disease","Confirmed cases, age below 1","Reported cases","N","2022","IE","Ireland",14.000000000,""
"Invasive pneumococcal disease","Confirmed cases, age below 1","Reported cases","N","2022","IS","Iceland",1.000000000,""
"Invasive pneumococcal disease","Confirmed cases, age below 1","Reported cases","N","2022","IT","Italy",25.000000000,""
"Invasive pneumococcal disease","Confirmed cases, age below 1","Reported cases","N","2022","LI","Liechtenstein",0.000000000,""
"Invasive pneumococcal disease","Confirmed cases, age below 1","Reported cases","N","2022","LT","Lithuania",5.000000000,""
"Invasive pneumococcal disease","Confirmed cases, age below 1","Reported cases","N","2022","LU","Luxembourg",0.000000000,""
"Invasive pneumococcal disease","Confirmed cases, age below 1","Reported cases","N","2022","LV","Latvia",1.000000000,""
"Invasive pneumococcal disease","Confirmed cases, age below 1","Reported cases","N","2022","MT","Malta",0.000000000,""
"Invasive pneumococcal disease","Confirmed cases, age below 1","Reported cases","N","2022","NL","Netherlands",8.000000000,""
"Invasive pneumococcal disease","Confirmed cases, age below 1","Reported cases","N","2022","NO","Norway",5.000000000,""
"Invasive pneumococcal disease","Confirmed cases, age below 1","Reported cases","N","2022","PL","Poland",22.000000000,""
"Invasive pneumococcal disease","Confirmed cases, age below 1","Reported cases","N","2022","PT","Portugal",9.000000000,""
"Invasive pneumococcal disease","Confirmed cases, age below 1","Reported cases","N","2022","RO","Romania",2.000000000,""
"Invasive pneumococcal disease","Confirmed cases, age below 1","Reported cases","N","2022","SE","Sweden",15.000000000,""
"Invasive pneumococcal disease","Confirmed cases, age below 1","Reported cases","N","2022","SI","Slovenia",9.000000000,""
"Invasive pneumococcal disease","Confirmed cases, age below 1","Reported cases","N","2022","SK","Slovakia",6.000000000,""
"Invasive pneumococcal disease","Confirmed cases, age below 1","Reported cases","N","2023","AT","Austria",2.000000000,""
"Invasive pneumococcal disease","Confirmed cases, age below 1","Reported cases","N","2023","BE","Belgium",82.000000000,""
"Invasive pneumococcal disease","Confirmed cases, age below 1","Reported cases","N","2023","BG","Bulgaria",0.000000000,""
"Invasive pneumococcal disease","Confirmed cases, age below 1","Reported cases","N","2023","CY","Cyprus",0.000000000,""
"Invasive pneumococcal disease","Confirmed cases, age below 1","Reported cases","N","2023","CZ","Czechia",5.000000000,""
"Invasive pneumococcal disease","Confirmed cases, age below 1","Reported cases","N","2023","DK","Denmark",11.000000000,""
"Invasive pneumococcal disease","Confirmed cases, age below 1","Reported cases","N","2023","EE","Estonia",0.000000000,""
"Invasive pneumococcal disease","Confirmed cases, age below 1","Reported cases","N","2023","EL","Greece",4.000000000,""
"Invasive pneumococcal disease","Confirmed cases, age below 1","Reported cases","N","2023","ES","Spain",96.000000000,""
"Invasive pneumococcal disease","Confirmed cases, age below 1","Reported cases","N","2023","EUEEA30_21","EU/EEA (without UK)",516.000000000,""
"Invasive pneumococcal disease","Confirmed cases, age below 1","Reported cases","N","2023","EUEEAUK_21","EU/EEA (with UK until 2019)",516.000000000,""
"Invasive pneumococcal disease","Confirmed cases, age below 1","Reported cases","N","2023","FI","Finland",3.000000000,""
"Invasive pneumococcal disease","Confirmed cases, age below 1","Reported cases","N","2023","FR","France",137.000000000,""
"Invasive pneumococcal disease","Confirmed cases, age below 1","Reported cases","N","2023","HR","Croatia",0.000000000,""
"Invasive pneumococcal disease","Confirmed cases, age below 1","Reported cases","N","2023","HU","Hungary",6.000000000,""
"Invasive pneumococcal disease","Confirmed cases, age below 1","Reported cases","N","2023","IE","Ireland",9.000000000,""
"Invasive pneumococcal disease","Confirmed cases, age below 1","Reported cases","N","2023","IS","Iceland",0.000000000,""
"Invasive pneumococcal disease","Confirmed cases, age below 1","Reported cases","N","2023","IT","Italy",41.000000000,""
"Invasive pneumococcal disease","Confirmed cases, age below 1","Reported cases","N","2023","LI","Liechtenstein",0.000000000,""
"Invasive pneumococcal disease","Confirmed cases, age below 1","Reported cases","N","2023","LT","Lithuania",0.000000000,""
"Invasive pneumococcal disease","Confirmed cases, age below 1","Reported cases","N","2023","LU","Luxembourg",1.000000000,""
"Invasive pneumococcal disease","Confirmed cases, age below 1","Reported cases","N","2023","LV","Latvia",3.000000000,""
"Invasive pneumococcal disease","Confirmed cases, age below 1","Reported cases","N","2023","MT","Malta",0.000000000,""
"Invasive pneumococcal disease","Confirmed cases, age below 1","Reported cases","N","2023","NL","Netherlands",52.000000000,""
"Invasive pneumococcal disease","Confirmed cases, age below 1","Reported cases","N","2023","NO","Norway",6.000000000,""
"Invasive pneumococcal disease","Confirmed cases, age below 1","Reported cases","N","2023","PL","Poland",23.000000000,""
"Invasive pneumococcal disease","Confirmed cases, age below 1","Reported cases","N","2023","PT","Portugal",10.000000000,""
"Invasive pneumococcal disease","Confirmed cases, age below 1","Reported cases","N","2023","RO","Romania",0.000000000,""
"Invasive pneumococcal disease","Confirmed cases, age below 1","Reported cases","N","2023","SE","Sweden",16.000000000,""
"Invasive pneumococcal disease","Confirmed cases, age below 1","Reported cases","N","2023","SI","Slovenia",2.000000000,""
"Invasive pneumococcal disease","Confirmed cases, age below 1","Reported cases","N","2023","SK","Slovakia",7.000000000,""
"Invasive pneumococcal disease","Confirmed cases, age below 1","Reported cases","N","2024","AT","Austria",7.000000000,""
"Invasive pneumococcal disease","Confirmed cases, age below 1","Reported cases","N","2024","BE","Belgium",83.000000000,""
"Invasive pneumococcal disease","Confirmed cases, age below 1","Reported cases","N","2024","BG","Bulgaria",1.000000000,""
"Invasive pneumococcal disease","Confirmed cases, age below 1","Reported cases","N","2024","CY","Cyprus",1.000000000,""
"Invasive pneumococcal disease","Confirmed cases, age below 1","Reported cases","N","2024","CZ","Czechia",2.000000000,""
"Invasive pneumococcal disease","Confirmed cases, age below 1","Reported cases","N","2024","DK","Denmark",16.000000000,""
"Invasive pneumococcal disease","Confirmed cases, age below 1","Reported cases","N","2024","EE","Estonia",1.000000000,""
"Invasive pneumococcal disease","Confirmed cases, age below 1","Reported cases","N","2024","EL","Greece",2.000000000,""
"Invasive pneumococcal disease","Confirmed cases, age below 1","Reported cases","N","2024","ES","Spain",96.000000000,""
"Invasive pneumococcal disease","Confirmed cases, age below 1","Reported cases","N","2024","EUEEA30_21","EU/EEA (without UK)",553.000000000,""
"Invasive pneumococcal disease","Confirmed cases, age below 1","Reported cases","N","2024","EUEEAUK_21","EU/EEA (with UK until 2019)",553.000000000,""
"Invasive pneumococcal disease","Confirmed cases, age below 1","Reported cases","N","2024","FI","Finland",3.000000000,""
"Invasive pneumococcal disease","Confirmed cases, age below 1","Reported cases","N","2024","FR","France",119.000000000,""
"Invasive pneumococcal disease","Confirmed cases, age below 1","Reported cases","N","2024","HR","Croatia",0.000000000,""
"Invasive pneumococcal disease","Confirmed cases, age below 1","Reported cases","N","2024","HU","Hungary",4.000000000,""
"Invasive pneumococcal disease","Confirmed cases, age below 1","Reported cases","N","2024","IE","Ireland",10.000000000,""
"Invasive pneumococcal disease","Confirmed cases, age below 1","Reported cases","N","2024","IS","Iceland",0.000000000,""
"Invasive pneumococcal disease","Confirmed cases, age below 1","Reported cases","N","2024","IT","Italy",33.000000000,""
"Invasive pneumococcal disease","Confirmed cases, age below 1","Reported cases","N","2024","LI","Liechtenstein",0.000000000,""
"Invasive pneumococcal disease","Confirmed cases, age below 1","Reported cases","N","2024","LT","Lithuania",1.000000000,""
"Invasive pneumococcal disease","Confirmed cases, age below 1","Reported cases","N","2024","LU","Luxembourg",1.000000000,""
"Invasive pneumococcal disease","Confirmed cases, age below 1","Reported cases","N","2024","LV","Latvia",2.000000000,""
"Invasive pneumococcal disease","Confirmed cases, age below 1","Reported cases","N","2024","MT","Malta",4.000000000,""
"Invasive pneumococcal disease","Confirmed cases, age below 1","Reported cases","N","2024","NL","Netherlands",39.000000000,""
"Invasive pneumococcal disease","Confirmed cases, age below 1","Reported cases","N","2024","NO","Norway",9.000000000,""
"Invasive pneumococcal disease","Confirmed cases, age below 1","Reported cases","N","2024","PL","Poland",40.000000000,""
"Invasive pneumococcal disease","Confirmed cases, age below 1","Reported cases","N","2024","PT","Portugal",16.000000000,""
"Invasive pneumococcal disease","Confirmed cases, age below 1","Reported cases","N","2024","RO","Romania",26.000000000,""
"Invasive pneumococcal disease","Confirmed cases, age below 1","Reported cases","N","2024","SE","Sweden",18.000000000,""
"Invasive pneumococcal disease","Confirmed cases, age below 1","Reported cases","N","2024","SI","Slovenia",3.000000000,""
"Invasive pneumococcal disease","Confirmed cases, age below 1","Reported cases","N","2024","SK","Slovakia",16.000000000,""
